ecu_category,ecu_name,typical_role,diagnostic_topics,future_extension
Powertrain,Engine ECU,engine control,"CAN;UDS;power-ground;sensor-actuator",VCU
Transmission,TCU,transmission control,"CAN;UDS;solenoid;pressure",e-Axle
Braking,ABS/EBS,electronic braking,"CAN;wheel speed;pressure;EBS",Brake-by-wire
Aftertreatment,DPF/SCR,emissions aftertreatment,"NOx;DPF;AdBlue;CAN",Thermal control
Body,BCM/body control,body electronics,"CAN;LIN;IO",Zonal controller
Electrification,BMS,battery management,"SOC;SOH;HV isolation;CAN",Battery analytics
Electrification,VCU,vehicle control,"CAN;Ethernet;UDS",SDV
Electrification,Inverter/MCU,motor control,"HV;CAN;resolver;thermal",e-Axle
Charging,OBC,on-board charging,"HV;CAN;isolation;charging",bidirectional charging
Charging,DC-DC,high-voltage conversion,"HV;CAN;thermal",power management
